{"std": [46.21069216028925, 46.21069216028925, 46.21069216028925, 46.523189650476134, 50.665655422369895, 55.06378586818632, 57.42275410621773, 57.692153327914106, 56.76381234063526, 55.24231617078858, 53.32175909402803, 50.99968567183204, 48.75751887812229, 47.017346297672184, 45.398732889608084, 43.511809688970985, 41.317758367097845, 39.263657462985314, 37.81992679425604, 36.73762389686789, 36.244935262217666, 36.545114777004116, 37.11706762612484, 37.81393395850498, 38.58366081776016, 39.16121187630217, 39.8886973548664, 40.34942993780437, 39.36627405341034, 37.85032741438812, 37.27491820090541], "mean": [47.30761475622407, 47.30761475622407, 47.30761475622407, 47.70482365145228, 52.94503249805498, 58.629946836099585, 62.21434493322096, 63.64422936657158, 63.88874197678942, 63.61388299079357, 63.11217096732365, 62.241901825077804, 61.42822306146265, 61.06594511799793, 60.46994254084544, 59.113733062110995, 57.06425173431017, 55.03709397691909, 53.91865355938797, 53.578405407157675, 53.93526282092842, 54.66292952541494, 55.09147716221473, 55.462726108661826, 56.02531728150934, 56.473404677774894, 57.24283219333506, 57.760202039030084, 56.47368062759336, 54.80575928747407, 54.871192621887964]}