{"std": [39.07267578753748, 39.07267578753748, 39.07267578753748, 39.31314979892337, 42.64613307704125, 46.315892094650444, 48.378197934955686, 48.85988977665062, 48.61150904413908, 48.19040482784541, 47.844340370848364, 47.46988211378146, 47.4524879195678, 48.20630893337142, 49.129406929523725, 49.6350361222178, 49.62115117457473, 49.40324645236432, 49.378593900016895, 49.45300063705037, 49.79501831154372, 50.09145781591578, 49.82392579779475, 49.46289120478946, 49.34010608222319, 49.25638227959312, 49.58573148497437, 49.78146962347914, 48.40688814587018, 46.57459751303805, 46.29183912116467], "mean": [31.404122975737668, 31.404122975737668, 31.404122975737668, 31.658503648714845, 35.041612935468535, 38.7011020613618, 40.955956454947554, 41.84107532633126, 42.10922490923237, 42.29690984828838, 42.72252168337944, 43.32207660680325, 44.386709862335756, 46.07788886007377, 47.621479728561546, 48.41559122327397, 48.41422209075323, 48.031380433451474, 47.84022762145574, 47.83543002967958, 48.12271225038901, 48.366545787229136, 48.06807473562125, 47.6925169018701, 47.522532065828145, 47.300415153872756, 47.42351920888082, 47.5182587381858, 46.56428563710235, 45.99099119517923, 47.54542243869583]}